Timestamp,Velocity Norm
2.384185791015625e-07,0.06381815632421552
0.009980201721191406,0.09300916405563178
0.01996016502380371,0.14908136879537154
0.02993011474609375,0.20079357997178116
0.039910078048706055,0.24826077669037488
0.04989004135131836,0.2918057120928567
0.059870004653930664,0.3320626367289739
0.06984996795654297,0.3689525100446637
0.07983016967773438,0.40259370667553823
0.08981013298034668,0.4334468503074329
0.09979009628295898,0.4623717991127103
0.10977029800415039,0.48948842166711914
0.1197502613067627,0.5146066764165499
0.129730224609375,0.5382848199072136
0.1397101879119873,0.5610246548140778
0.1496901512145996,0.5826263175041843
0.15967011451721191,0.6028488247212975
0.16964006423950195,0.6219045050665463
0.17962002754211426,0.6402963857611713
0.18959999084472656,0.6580126148642491
0.19957995414733887,0.6748250029047583
0.20956015586853027,0.3415300142004483
0.21954011917114258,8.881784197001252e-16
0.22952032089233398,8.881784197001252e-16
0.2395002841949463,0.0
0.2494802474975586,0.0
0.2594602108001709,0.0
0.2694401741027832,0.0
0.2794201374053955,0.0
0.2894001007080078,0.0
0.29937005043029785,0.0
0.30935001373291016,0.0
0.31932997703552246,0.0
0.32930994033813477,8.881784197001252e-16
0.33929014205932617,0.0
0.3492703437805176,8.881784197001252e-16
0.3592503070831299,0.0
0.3692302703857422,0.0
0.3792102336883545,0.0
0.3891901969909668,0.0
0.3991701602935791,0.0
0.4091501235961914,0.0
0.4191300868988037,0.0
0.42910003662109375,0.0
0.43907999992370605,0.0
0.44905996322631836,0.0
0.45903992652893066,6.280369834735101e-16
0.46902036666870117,6.280369834735101e-16
0.4790003299713135,0.0
0.4889802932739258,0.0
0.4989602565765381,0.0
0.5089402198791504,0.0
0.5189201831817627,0.0
0.528900146484375,0.0
0.5388801097869873,0.0
0.5488600730895996,0.0
0.5588400363922119,0.0
0.568809986114502,0.0
0.5787899494171143,8.881784197001252e-16
0.5887701511383057,8.881784197001252e-16
0.598750114440918,8.881784197001252e-16
0.6087303161621094,8.881784197001252e-16
0.6187102794647217,0.0
0.628690242767334,0.0
0.6386702060699463,0.0
0.6486501693725586,0.0
0.6586301326751709,0.0
0.6686100959777832,0.0
0.6785900592803955,0.0
0.6885700225830078,0.0
0.6985399723052979,0.0
0.7085201740264893,8.881784197001252e-16
0.7185001373291016,0.0
0.7284801006317139,8.881784197001252e-16
0.7384603023529053,8.881784197001252e-16
0.7484402656555176,0.0
0.7584202289581299,0.0
0.7684001922607422,0.0
0.7783801555633545,0.0
0.7883601188659668,0.0
0.7983400821685791,0.0
0.8083200454711914,0.0
0.8183000087738037,0.0
0.8282701969146729,0.0
0.8382501602172852,0.0
0.8482301235198975,0.0
0.8582100868225098,8.881784197001252e-16
0.8681902885437012,8.881784197001252e-16
0.8781702518463135,0.0
0.8881502151489258,0.0
0.8981301784515381,0.0
0.9081101417541504,0.0
0.9180901050567627,0.0
0.928070068359375,0.0
0.9380500316619873,8.881784197001252e-16
0.9480302333831787,0.0
0.9580001831054688,0.0
0.967980146408081,0.0
0.9779601097106934,0.0
0.9879400730133057,0.0
0.997920036315918,8.881784197001252e-16
1.0079002380371094,8.881784197001252e-16
1.0178802013397217,0.0
1.027860164642334,0.0
1.0378401279449463,0.0
1.0478200912475586,0.0
1.057800054550171,8.881784197001252e-16
1.0677802562713623,8.881784197001252e-16
1.0777602195739746,0.0
1.087740182876587,0.0
1.097710132598877,0.0
1.1076900959014893,0.0
1.1176700592041016,0.0
1.1276500225067139,8.881784197001252e-16
1.1376302242279053,8.881784197001252e-16
1.1476101875305176,0.0
1.1575901508331299,0.0
1.1675701141357422,0.0
1.1775500774383545,8.881784197001252e-16
1.187530279159546,8.881784197001252e-16
1.1975102424621582,0.0
1.2074902057647705,0.0
1.2174701690673828,0.0
1.2274401187896729,0.0
1.2374200820922852,0.0
1.2474000453948975,0.0
1.2573800086975098,8.881784197001252e-16
1.2673602104187012,8.881784197001252e-16
1.2773401737213135,0.0
1.2873201370239258,0.0
1.297300100326538,8.881784197001252e-16
1.3072803020477295,8.881784197001252e-16
1.3172602653503418,0.0
1.327240228652954,0.0
1.3372201919555664,0.0
1.3472001552581787,0.0
1.3571701049804688,0.0
1.367150068283081,0.0
1.3771300315856934,0.0
1.3871099948883057,0.0
1.397089958190918,8.881784197001252e-16
1.4070701599121094,8.881784197001252e-16
1.4170501232147217,8.881784197001252e-16
1.427030324935913,8.881784197001252e-16
1.4370102882385254,0.0
1.4469902515411377,0.0
1.45697021484375,0.0
1.4669501781463623,0.0
1.4769301414489746,0.0
1.486910104751587,0.0
1.496880054473877,0.0
1.5068600177764893,0.0
1.5168399810791016,0.0
1.5268199443817139,8.881784197001252e-16
1.5368001461029053,0.0
1.5467803478240967,8.881784197001252e-16
1.556760311126709,0.0
1.5667402744293213,0.0
1.5767202377319336,0.0
1.586700201034546,0.0
1.5966801643371582,0.0
1.6066601276397705,0.0
1.6166400909423828,0.0
1.6266100406646729,0.0
1.6365900039672852,0.0
1.6465699672698975,0.0
1.6565499305725098,6.280369834735101e-16
1.6665303707122803,6.280369834735101e-16
1.6765103340148926,0.0
1.6864902973175049,0.0
1.6964702606201172,0.0
1.7064502239227295,0.0
1.7164301872253418,0.0
1.726410150527954,0.0
1.7363901138305664,0.0
1.7463700771331787,0.0
1.7563400268554688,0.0
1.766319990158081,0.0
1.7762999534606934,8.881784197001252e-16
1.7862801551818848,0.0
1.7962603569030762,8.881784197001252e-16
1.8062403202056885,0.0
1.8162202835083008,0.0
1.826200246810913,0.0
1.8361802101135254,0.0
1.8461601734161377,0.0
1.85614013671875,0.0
1.8661201000213623,0.0
1.8761000633239746,0.0
1.886080026626587,0.0
1.896049976348877,0.0
1.9060301780700684,8.881784197001252e-16
1.9160101413726807,0.0
1.925990104675293,8.881784197001252e-16
1.9359703063964844,8.881784197001252e-16
1.9459502696990967,0.0
1.955930233001709,0.0
1.9659101963043213,0.0
1.9758901596069336,0.0
1.985870122909546,0.0
1.9958500862121582,0.0
2.0058300495147705,0.0
2.015810012817383,0.0
2.025780200958252,0.0
2.0357601642608643,0.0
2.0457401275634766,0.0
2.055720090866089,8.881784197001252e-16
2.0657002925872803,8.881784197001252e-16
2.0756802558898926,0.0
2.085660219192505,0.0
2.095640182495117,0.0
2.1056201457977295,0.0
2.115600109100342,0.0
2.125580072402954,0.0
2.1355600357055664,0.0
2.1455399990081787,0.0
2.155510187149048,0.0
2.16549015045166,0.0
2.1754701137542725,0.0
2.1854500770568848,8.881784197001252e-16
2.195430278778076,8.881784197001252e-16
2.2054102420806885,0.0
2.215390205383301,0.0
2.225370168685913,0.0
2.2353501319885254,0.0
2.2453300952911377,0.0
2.25531005859375,0.0
2.2652900218963623,8.881784197001252e-16
2.2752702236175537,0.0
2.2852401733398438,0.0
2.295220136642456,0.0
2.3052000999450684,0.0
2.3151800632476807,0.0
2.325160026550293,8.881784197001252e-16
2.3351402282714844,8.881784197001252e-16
2.3451201915740967,0.0
2.355100154876709,0.0
2.3650801181793213,0.0
2.3750600814819336,0.0
2.385040044784546,8.881784197001252e-16
2.3950202465057373,8.881784197001252e-16
2.4050002098083496,0.0
2.414980173110962,0.0
2.424950122833252,0.0
2.4349300861358643,0.0
2.4449100494384766,0.0
2.454890012741089,8.881784197001252e-16
2.4648702144622803,8.881784197001252e-16
2.4748501777648926,0.0
2.484830141067505,0.0
2.494810104370117,0.0
2.5047900676727295,8.881784197001252e-16
2.514770269393921,8.881784197001252e-16
2.524750232696533,0.0
2.5347301959991455,0.0
2.544710159301758,0.0
2.554680109024048,0.0
2.56466007232666,0.0
2.5746400356292725,0.0
2.5846199989318848,8.881784197001252e-16
2.594600200653076,8.881784197001252e-16
2.6045801639556885,0.0
2.614560127258301,0.0
2.624540090560913,8.881784197001252e-16
2.6345202922821045,8.881784197001252e-16
2.644500255584717,0.0
2.654480218887329,0.0
2.6644601821899414,0.0
2.6744401454925537,0.0
2.6844100952148438,0.0
2.694390058517456,0.0
2.7043700218200684,0.0
2.7143499851226807,0.0
2.724329948425293,8.881784197001252e-16
2.7343101501464844,8.881784197001252e-16
2.7442901134490967,8.881784197001252e-16
2.754270315170288,8.881784197001252e-16
2.7642502784729004,0.0
2.7742302417755127,0.0
2.784210205078125,0.0
2.7941901683807373,0.0
2.8041701316833496,0.0
2.814150094985962,0.0
2.824120044708252,0.0
2.8341000080108643,0.0
2.8440799713134766,0.0
2.854059934616089,8.881784197001252e-16
2.8640401363372803,0.0
2.8740203380584717,8.881784197001252e-16
2.884000301361084,0.0
2.8939802646636963,0.0
2.9039602279663086,0.0
2.913940191268921,0.0
2.923920154571533,0.0
2.9339001178741455,0.0
2.943880081176758,0.0
2.953850030899048,0.0
2.96382999420166,0.0
2.9738099575042725,0.0
2.9837899208068848,6.280369834735101e-16
2.9937703609466553,6.280369834735101e-16
3.0037503242492676,0.0
3.01373028755188,0.0
3.023710250854492,0.0
3.0336902141571045,0.0
3.043670177459717,0.0
3.053650140762329,0.0
3.0636301040649414,0.0
3.0736100673675537,0.0
3.0835800170898438,0.0
3.093559980392456,0.0
3.1035399436950684,8.881784197001252e-16
3.1135201454162598,0.0
3.123500347137451,8.881784197001252e-16
3.1334803104400635,0.0
3.143460273742676,0.0
3.153440237045288,0.0
3.1634202003479004,0.0
3.1734001636505127,0.0
3.183380126953125,0.0
3.1933600902557373,0.0
3.2033400535583496,0.0
3.213320016860962,0.0
3.223289966583252,0.0
3.2332701683044434,8.881784197001252e-16
3.2432501316070557,0.0
3.253230094909668,8.881784197001252e-16
3.2632102966308594,8.881784197001252e-16
3.2731902599334717,0.0
3.283170223236084,0.0
3.2931501865386963,0.0
3.3031301498413086,0.0
3.313110113143921,0.0
3.323090076446533,0.0
3.3330700397491455,0.0
3.343050003051758,0.0
3.353020191192627,0.0
3.3630001544952393,0.0
3.3729801177978516,0.0
3.382960081100464,8.881784197001252e-16
3.3929402828216553,8.881784197001252e-16
3.4029202461242676,0.0
3.41290020942688,0.0
3.422880172729492,0.0
3.4328601360321045,0.0
3.442840099334717,0.0
3.452820062637329,0.0
3.4628000259399414,8.881784197001252e-16
3.472780227661133,0.0
3.482750177383423,0.0
3.492730140686035,0.0
3.5027101039886475,0.0
3.5126900672912598,8.881784197001252e-16
3.522670269012451,8.881784197001252e-16
3.5326502323150635,0.0
3.542630195617676,0.0
3.552610158920288,0.0
3.5625901222229004,0.0
3.5725700855255127,0.0
3.582550048828125,8.881784197001252e-16
3.5925302505493164,8.881784197001252e-16
3.6025102138519287,0.0
3.6124801635742188,0.0
3.622460126876831,0.0
3.6324400901794434,0.0
3.6424200534820557,0.0
3.652400016784668,8.881784197001252e-16
3.6623802185058594,8.881784197001252e-16
3.6723601818084717,0.0
3.682340145111084,0.0
3.6923201084136963,0.0
3.7023000717163086,8.881784197001252e-16
3.7122802734375,8.881784197001252e-16
3.7222602367401123,0.0
3.7322402000427246,0.0
3.742220163345337,0.0
3.752190113067627,0.0
3.7621700763702393,0.0
3.7721500396728516,0.0
3.782130002975464,8.881784197001252e-16
3.7921102046966553,8.881784197001252e-16
3.8020901679992676,0.0
3.81207013130188,0.0
3.822050094604492,8.881784197001252e-16
3.8320302963256836,8.881784197001252e-16
3.842010259628296,0.0
3.851990222930908,0.0
3.8619701862335205,0.0
3.871950149536133,0.0
3.881920099258423,0.0
3.891900062561035,0.0
3.9018800258636475,0.0
3.9118599891662598,8.881784197001252e-16
3.921840190887451,8.881784197001252e-16
3.9318201541900635,0.0
3.941800117492676,8.881784197001252e-16
3.951780319213867,8.881784197001252e-16
3.9617602825164795,0.0
3.971740245819092,0.0
3.981720209121704,0.0
3.9917001724243164,0.0
4.001680135726929,0.0
4.011650085449219,0.0
4.021630048751831,0.0
4.031610012054443,0.0
4.041589975357056,0.0
4.051569938659668,8.881784197001252e-16
4.061550140380859,0.0
4.071530342102051,8.881784197001252e-16
4.081510305404663,0.0
4.091490268707275,0.0
4.101470232009888,0.0
4.1114501953125,0.0
4.121430158615112,0.0
4.131410121917725,0.0
4.141390085220337,0.0
4.151360034942627,0.0
4.161339998245239,0.0
4.171319961547852,0.0
4.181299924850464,6.280369834735101e-16
4.191280364990234,6.280369834735101e-16
4.201260328292847,0.0
4.211240291595459,0.0
4.221220254898071,0.0
4.231200218200684,0.0
4.241180181503296,0.0
4.251160144805908,0.0
4.2611401081085205,0.0
4.271120071411133,0.0
4.281090021133423,0.0
4.291069984436035,0.0
4.3010499477386475,8.881784197001252e-16
4.311030149459839,0.0
4.32101035118103,8.881784197001252e-16
4.330990314483643,0.0
4.340970277786255,0.0
4.350950241088867,0.0
4.3609302043914795,0.0
4.370910167694092,0.0
4.380890130996704,0.0
4.390870094299316,0.0
4.400850057601929,0.0
4.410820007324219,0.0
4.420799970626831,8.881784197001252e-16
4.4307801723480225,8.881784197001252e-16
4.440760135650635,8.881784197001252e-16
4.450740337371826,8.881784197001252e-16
4.4607203006744385,0.0
4.470700263977051,0.0
4.480680227279663,0.0
4.490660190582275,0.0
4.500640153884888,0.0
4.5106201171875,0.0
4.520600080490112,0.0
4.530580043792725,0.0
4.540560007095337,0.0
4.550530195236206,0.0
4.560510158538818,0.0
4.570490121841431,0.0
4.580470085144043,8.881784197001252e-16
4.590450286865234,8.881784197001252e-16
4.600430250167847,0.0
4.610410213470459,0.0
4.620390176773071,0.0
4.630370140075684,0.0
4.640350103378296,0.0
4.650330066680908,0.0
4.6603100299835205,0.0
4.670289993286133,0.0
4.680260181427002,0.0
4.690240144729614,0.0
4.700220108032227,0.0
4.710200071334839,8.881784197001252e-16
4.72018027305603,8.881784197001252e-16
4.730160236358643,0.0
4.740140199661255,0.0
4.750120162963867,0.0
4.7601001262664795,0.0
4.770080089569092,0.0
4.780060052871704,0.0
4.790040016174316,8.881784197001252e-16
4.800020217895508,0.0
4.809990167617798,0.0
4.81997013092041,0.0
4.8299500942230225,0.0
4.839930057525635,8.881784197001252e-16
4.849910259246826,8.881784197001252e-16
4.8598902225494385,0.0
4.869870185852051,0.0
4.879850149154663,0.0
4.889830112457275,0.0
4.899810075759888,0.0
4.9097900390625,8.881784197001252e-16
4.919770240783691,8.881784197001252e-16
4.929750204086304,0.0
4.939720153808594,0.0
4.949700117111206,0.0
4.959680080413818,0.0
4.969660043716431,0.0
4.979640007019043,8.881784197001252e-16
4.989620208740234,8.881784197001252e-16
4.999600172042847,0.0
5.009580135345459,0.0
5.019560098648071,0.0
5.029540061950684,8.881784197001252e-16
5.039520263671875,8.881784197001252e-16
5.049500226974487,0.0
5.0594801902771,0.0
5.069460153579712,0.0
5.079430103302002,0.0
5.089410066604614,0.0
5.099390029907227,0.0
5.109369993209839,8.881784197001252e-16
5.11935019493103,8.881784197001252e-16
5.129330158233643,0.0
5.139310121536255,0.0
5.149290084838867,8.881784197001252e-16
5.159270286560059,8.881784197001252e-16
5.169250249862671,0.0
5.179230213165283,0.0
5.1892101764678955,0.0
5.199190139770508,0.0
5.209160089492798,0.0
5.21914005279541,0.0
5.2291200160980225,0.0
5.239099979400635,8.881784197001252e-16
5.249080181121826,8.881784197001252e-16
5.2590601444244385,0.0
5.269040107727051,8.881784197001252e-16
5.279020309448242,8.881784197001252e-16
5.2890002727508545,0.0
5.298980236053467,0.0
5.308960199356079,0.0
5.318940162658691,0.0
5.328920125961304,0.0
5.338890075683594,0.0
5.348870038986206,0.0
5.358850002288818,0.0
5.368829965591431,0.0
5.378809928894043,8.881784197001252e-16
5.388790130615234,0.0
5.398770332336426,8.881784197001252e-16
5.408750295639038,0.0
5.41873025894165,0.0
5.428710222244263,0.0
5.438690185546875,0.0
5.448670148849487,0.0
5.4586501121521,0.0
5.468630075454712,0.0
5.478600025177002,0.0
5.488579988479614,0.0
5.498559951782227,0.0
5.508539915084839,6.280369834735101e-16
5.518520355224609,6.280369834735101e-16
5.528500318527222,0.0
5.538480281829834,0.0
5.548460245132446,0.0
5.558440208435059,0.0
5.568420171737671,0.0
5.578400135040283,0.0
5.5883800983428955,0.0
5.598360061645508,0.0
5.608330011367798,0.0
5.61830997467041,0.0
5.6282899379730225,8.881784197001252e-16
5.638270139694214,0.0
5.648250341415405,8.881784197001252e-16
5.658230304718018,0.0
5.66821026802063,0.0
5.678190231323242,0.0
5.6881701946258545,0.0
5.698150157928467,0.0
5.708130121231079,0.0
5.718110084533691,0.0
5.728090047836304,0.0
5.738059997558594,0.0
5.748039960861206,8.881784197001252e-16
5.7580201625823975,8.881784197001252e-16
5.76800012588501,8.881784197001252e-16
5.777980327606201,8.881784197001252e-16
5.7879602909088135,0.0
5.797940254211426,0.0
5.807920217514038,0.0
5.81790018081665,0.0
5.827880144119263,0.0
5.837860107421875,0.0
5.847840070724487,0.0
5.8578200340271,0.0
5.867799997329712,0.0
5.877770185470581,0.0
5.887750148773193,0.0
5.897730112075806,0.0
5.907710075378418,8.881784197001252e-16
5.917690277099609,8.881784197001252e-16
5.927670240402222,0.0
5.937650203704834,0.0
5.947630167007446,0.0
5.957610130310059,0.0
5.967590093612671,0.0
5.977570056915283,0.0
5.9875500202178955,8.881784197001252e-16
5.997530221939087,0.0
6.007500171661377,0.0
6.017480134963989,0.0
6.027460098266602,0.0
6.037440061569214,8.881784197001252e-16
6.047420263290405,8.881784197001252e-16
6.057400226593018,0.0
6.06738018989563,0.0
6.077360153198242,0.0
6.0873401165008545,0.0
6.097320079803467,0.0
6.107300043106079,8.881784197001252e-16
6.1172802448272705,8.881784197001252e-16
6.127260208129883,0.0
6.137230157852173,0.0
6.147210121154785,0.0
6.1571900844573975,0.0
6.16717004776001,8.881784197001252e-16
6.177150249481201,8.881784197001252e-16
6.1871302127838135,0.0
6.197110176086426,0.0
6.207090139389038,0.0
6.21707010269165,0.0
6.227050065994263,8.881784197001252e-16
6.237030267715454,8.881784197001252e-16
6.247010231018066,0.0
6.256990194320679,0.0
6.266960144042969,0.0
6.276940107345581,0.0
6.286920070648193,0.0
6.296900033950806,0.0
6.306879997253418,8.881784197001252e-16
6.316860198974609,8.881784197001252e-16
6.326840162277222,0.0
6.336820125579834,0.0
6.346800088882446,8.881784197001252e-16
6.356780290603638,8.881784197001252e-16
6.36676025390625,0.0
6.376740217208862,0.0
6.386720180511475,0.0
6.396700143814087,0.0
6.406670093536377,0.0
6.416650056838989,0.0
6.426630020141602,0.0
6.436609983444214,8.881784197001252e-16
6.446590185165405,8.881784197001252e-16
6.456570148468018,0.0
6.46655011177063,8.881784197001252e-16
6.476530313491821,8.881784197001252e-16
6.486510276794434,0.0
6.496490240097046,0.0
6.506470203399658,0.0
6.5164501667022705,0.0
6.526430130004883,0.0
6.536400079727173,0.0
6.546380043029785,0.0
6.5563600063323975,0.0
6.56633996963501,8.881784197001252e-16
6.576320171356201,8.881784197001252e-16
6.5863001346588135,8.881784197001252e-16
6.596280336380005,8.881784197001252e-16
6.606260299682617,0.0
6.6162402629852295,0.0
6.626220226287842,0.0
6.636200189590454,0.0
6.646180152893066,0.0
6.656160116195679,0.0
6.666130065917969,0.0
6.676110029220581,0.0
6.686089992523193,0.0
6.696069955825806,0.0
6.706049919128418,6.280369834735101e-16
6.7160303592681885,6.280369834735101e-16
6.726010322570801,0.0
6.735990285873413,0.0
6.745970249176025,0.0
6.755950212478638,0.0
6.76593017578125,0.0
6.775910139083862,0.0
6.785890102386475,0.0
6.795870065689087,0.0
6.805840015411377,0.0
6.815819978713989,0.0
6.825799942016602,8.881784197001252e-16
6.835780143737793,0.0
6.845760345458984,8.881784197001252e-16
6.855740308761597,0.0
6.865720272064209,0.0
6.875700235366821,0.0
6.885680198669434,0.0
6.895660161972046,0.0
6.905640125274658,0.0
6.9156200885772705,0.0
6.925600051879883,0.0
6.935570001602173,0.0
6.945549964904785,8.881784197001252e-16
6.955530166625977,8.881784197001252e-16
6.965510129928589,8.881784197001252e-16
6.97549033164978,8.881784197001252e-16
6.985470294952393,0.0
6.995450258255005,0.0
7.005430221557617,0.0
7.0154101848602295,0.0
7.025390148162842,0.0
7.035370111465454,0.0
7.045350074768066,0.0
7.055330038070679,0.0
7.065299987792969,0.0
7.07528018951416,8.881784197001252e-16
7.0852601528167725,0.0
7.095240116119385,8.881784197001252e-16
7.105220317840576,8.881784197001252e-16
7.1152002811431885,0.0
7.125180244445801,0.0
7.135160207748413,0.0
7.145140171051025,0.0
7.155120134353638,0.0
7.16510009765625,0.0
7.175080060958862,0.0
7.185060024261475,0.0
7.195039987564087,0.0
7.205010175704956,0.0
7.214990139007568,0.0
7.224970102310181,0.0
7.234950065612793,8.881784197001252e-16
7.244930267333984,8.881784197001252e-16
7.254910230636597,0.0
7.264890193939209,0.0
7.274870157241821,0.0
7.284850120544434,0.0
7.294830083847046,0.0
7.304810047149658,0.0
7.3147900104522705,8.881784197001252e-16
7.324770212173462,0.0
7.334740161895752,0.0
7.344720125198364,0.0
7.354700088500977,0.0
7.364680051803589,8.881784197001252e-16
7.37466025352478,8.881784197001252e-16
7.384640216827393,0.0
7.394620180130005,0.0
7.404600143432617,0.0
7.4145801067352295,0.0
7.424560070037842,0.0
7.434540033340454,8.881784197001252e-16
7.4445202350616455,8.881784197001252e-16
7.454500198364258,0.0
7.464470148086548,0.0
7.47445011138916,0.0
7.4844300746917725,0.0
7.494410037994385,8.881784197001252e-16
7.504390239715576,8.881784197001252e-16
7.5143702030181885,0.0
7.524350166320801,0.0
7.534330129623413,0.0
7.544310092926025,0.0
7.554290056228638,8.881784197001252e-16
7.564270257949829,8.881784197001252e-16
7.574250221252441,0.0
7.584230184555054,0.0
7.594200134277344,0.0
7.604180097579956,0.0
7.614160060882568,0.0
7.624140024185181,0.0
7.634119987487793,8.881784197001252e-16
7.644100189208984,8.881784197001252e-16
7.654080152511597,0.0
7.664060115814209,0.0
7.674040079116821,8.881784197001252e-16
7.684020280838013,8.881784197001252e-16
7.694000244140625,0.0
7.703980207443237,0.0
7.71396017074585,0.0
7.723940134048462,0.0
7.733910083770752,0.0
7.743890047073364,0.0
7.753870010375977,0.0
7.763849973678589,8.881784197001252e-16
7.77383017539978,8.881784197001252e-16
7.783810138702393,0.0
7.793790102005005,8.881784197001252e-16
7.803770303726196,8.881784197001252e-16
7.813750267028809,0.0
7.823730230331421,0.0
7.833710193634033,0.0
7.8436901569366455,0.0
7.853670120239258,0.0
7.863640069961548,0.0
7.87362003326416,0.0
7.8835999965667725,0.0
7.893579959869385,8.881784197001252e-16
7.903560161590576,8.881784197001252e-16
7.9135401248931885,8.881784197001252e-16
7.92352032661438,8.881784197001252e-16
7.933500289916992,0.0
7.9434802532196045,0.0
7.953460216522217,0.0
7.963440179824829,0.0
7.973420143127441,0.0
7.983400106430054,0.0
7.993370056152344,0.0
8.003350019454956,0.0
8.013329982757568,0.0
8.02330994606018,0.0
8.033289909362793,6.280369834735101e-16
8.043270349502563,6.280369834735101e-16
8.053250312805176,0.0
8.063230276107788,0.0
8.0732102394104,0.0
8.083190202713013,0.0
8.093170166015625,0.0
8.103150129318237,0.0
8.11313009262085,0.0
8.123110055923462,0.0
8.133080005645752,0.0
8.143059968948364,0.0
8.153039932250977,8.881784197001252e-16
8.163020133972168,0.0
8.17300033569336,8.881784197001252e-16
8.182980298995972,0.0
8.192960262298584,0.0
8.202940225601196,0.0
8.212920188903809,0.0
8.222900152206421,0.0
8.232880115509033,0.0
8.242860078811646,0.0
8.252840042114258,0.0
8.262809991836548,0.0
8.27278995513916,8.881784197001252e-16
8.282770156860352,8.881784197001252e-16
8.292750120162964,8.881784197001252e-16
8.302730321884155,8.881784197001252e-16
8.312710285186768,0.0
8.32269024848938,0.0
8.332670211791992,0.0
8.342650175094604,0.0
8.352630138397217,0.0
8.362610101699829,0.0
8.372590065002441,0.0
8.382570028305054,0.0
8.392539978027344,0.0
8.402520179748535,8.881784197001252e-16
8.412500143051147,0.0
8.42248010635376,8.881784197001252e-16
8.432460308074951,8.881784197001252e-16
8.442440271377563,0.0
8.452420234680176,0.0
8.462400197982788,0.0
8.4723801612854,0.0
8.482360124588013,0.0
8.492340087890625,0.0
8.502320051193237,0.0
8.51230001449585,0.0
8.522270202636719,0.0
8.532250165939331,0.0
8.542230129241943,0.0
8.552210092544556,0.0
8.562190055847168,8.881784197001252e-16
8.57217025756836,8.881784197001252e-16
8.582150220870972,0.0
8.592130184173584,0.0
8.602110147476196,0.0
8.612090110778809,0.0
8.622070074081421,0.0
8.632050037384033,8.881784197001252e-16
8.642030239105225,8.881784197001252e-16
8.652010202407837,0.0
8.661980152130127,0.0
8.67196011543274,0.0
8.681940078735352,0.0
8.691920042037964,8.881784197001252e-16
8.701900243759155,8.881784197001252e-16
8.711880207061768,0.0
8.72186017036438,0.0
8.731840133666992,0.0
8.741820096969604,0.0
8.751800060272217,8.881784197001252e-16
8.761780261993408,8.881784197001252e-16
8.77176022529602,0.0
8.781740188598633,0.0
8.791710138320923,0.0
8.801690101623535,0.0
8.811670064926147,0.0
8.82165002822876,8.881784197001252e-16
8.831630229949951,8.881784197001252e-16
8.841610193252563,0.0
8.851590156555176,0.0
8.861570119857788,0.0
8.8715500831604,8.881784197001252e-16
8.881530284881592,8.881784197001252e-16
8.891510248184204,0.0
8.901490211486816,0.0
8.911470174789429,0.0
8.921440124511719,0.0
8.931420087814331,0.0
8.941400051116943,0.0
8.951380014419556,0.0
8.961359977722168,8.881784197001252e-16
8.97134017944336,8.881784197001252e-16
8.981320142745972,0.0
8.991300106048584,8.881784197001252e-16
9.001280307769775,8.881784197001252e-16
9.011260271072388,0.0
9.021240234375,0.0
9.031220197677612,0.0
9.041200160980225,0.0
9.051180124282837,0.0
9.061150074005127,0.0
9.07113003730774,0.0
9.081110000610352,0.0
9.091089963912964,8.881784197001252e-16
9.101070165634155,8.881784197001252e-16
9.111050128936768,8.881784197001252e-16
9.121030330657959,8.881784197001252e-16
9.131010293960571,0.0
9.140990257263184,0.0
9.150970220565796,0.0
9.160950183868408,0.0
9.17093014717102,0.0
9.180910110473633,0.0
9.190880060195923,0.0
9.200860023498535,0.0
9.210839986801147,0.0
9.22081995010376,8.881784197001252e-16
9.230800151824951,0.0
9.240780353546143,8.881784197001252e-16
9.250760316848755,0.0
9.260740280151367,0.0
9.27072024345398,0.0
9.280700206756592,0.0
9.290680170059204,0.0
9.300660133361816,0.0
9.310640096664429,0.0
9.320610046386719,0.0
9.330590009689331,0.0
9.340569972991943,0.0
9.350549936294556,6.280369834735101e-16
9.360530376434326,6.280369834735101e-16
9.370510339736938,0.0
9.38049030303955,0.0
9.390470266342163,0.0
9.400450229644775,0.0
9.410430192947388,0.0
9.42041015625,0.0
9.430390119552612,0.0
9.440370082855225,0.0
9.450350046157837,0.0
9.460319995880127,0.0
9.47029995918274,8.881784197001252e-16
9.48028016090393,8.881784197001252e-16
9.490260124206543,8.881784197001252e-16
9.500240325927734,8.881784197001252e-16
9.510220289230347,0.0
9.520200252532959,0.0
9.530180215835571,0.0
9.540160179138184,0.0
9.550140142440796,0.0
9.560120105743408,0.0
9.57010006904602,0.0
9.580080032348633,0.0
9.590049982070923,0.0
9.600030183792114,8.881784197001252e-16
9.610010147094727,0.0
9.619990110397339,8.881784197001252e-16
9.62997031211853,8.881784197001252e-16
9.639950275421143,0.0
9.649930238723755,0.0
9.659910202026367,0.0
9.66989016532898,0.0
9.679870128631592,0.0
9.689850091934204,0.0
9.699830055236816,0.0
9.709810018539429,0.0
9.719780206680298,0.0
9.72976016998291,0.0
9.739740133285522,0.0
9.749720096588135,8.881784197001252e-16
9.759700298309326,8.881784197001252e-16
9.769680261611938,0.0
9.77966022491455,0.0
9.789640188217163,0.0
9.799620151519775,0.0
9.809600114822388,0.0
9.819580078125,0.0
9.829560041427612,0.0
9.839540004730225,0.0
9.849510192871094,0.0
9.859490156173706,0.0
9.869470119476318,0.0
9.87945008277893,0.0
9.889430046081543,8.881784197001252e-16
9.899410247802734,8.881784197001252e-16
9.909390211105347,0.0
9.919370174407959,0.0
9.929350137710571,0.0
9.939330101013184,0.0
9.949310064315796,0.0
9.959290027618408,8.881784197001252e-16
9.9692702293396,8.881784197001252e-16
9.979250192642212,0.0
9.989220142364502,0.0
9.999200105667114,0.0
10.009180068969727,0.0
10.019160032272339,8.881784197001252e-16
10.02914023399353,8.881784197001252e-16
10.039120197296143,0.0
10.049100160598755,0.0
10.059080123901367,0.0
10.06906008720398,0.0
10.079040050506592,8.881784197001252e-16
10.089020252227783,8.881784197001252e-16
10.099000215530396,0.0
10.108980178833008,0.0
10.118950128555298,0.0
10.12893009185791,0.0
10.138910055160522,0.0
10.148890018463135,8.881784197001252e-16
10.158870220184326,8.881784197001252e-16
10.168850183486938,0.0
10.17883014678955,0.0
10.188810110092163,0.0
10.198790073394775,8.881784197001252e-16
10.208770275115967,8.881784197001252e-16
10.218750238418579,0.0
10.228730201721191,0.0
10.238710165023804,0.0
10.248680114746094,0.0
10.258660078048706,0.0
10.268640041351318,0.0
10.27862000465393,0.0
10.288599967956543,8.881784197001252e-16
10.298580169677734,8.881784197001252e-16
10.308560132980347,0.0
10.318540096282959,8.881784197001252e-16
10.32852029800415,8.881784197001252e-16
10.338500261306763,0.0
10.348480224609375,0.0
10.358460187911987,0.0
10.3684401512146,0.0
10.378420114517212,0.0
10.388390064239502,0.0
10.398370027542114,0.0
10.408349990844727,0.0
10.418329954147339,8.881784197001252e-16
10.42831015586853,8.881784197001252e-16
10.438290119171143,8.881784197001252e-16
10.448270320892334,8.881784197001252e-16
10.458250284194946,0.0
10.468230247497559,0.0
10.478210210800171,0.0
10.488190174102783,0.0
10.498170137405396,0.0
10.508150100708008,0.0
10.518120050430298,0.0
10.52810001373291,0.0
10.538079977035522,0.0
10.548059940338135,8.881784197001252e-16
10.558040142059326,0.0
10.568020343780518,8.881784197001252e-16
10.57800030708313,0.0
10.587980270385742,0.0
10.597960233688354,0.0
10.607940196990967,0.0
10.617920160293579,0.0
10.627900123596191,0.0
10.637880086898804,0.0
10.647850036621094,0.0
10.657829999923706,0.0
10.667809963226318,0.0
10.67778992652893,6.280369834735101e-16
10.687770366668701,6.280369834735101e-16
10.697750329971313,0.0
10.707730293273926,0.0
10.717710256576538,0.0
10.72769021987915,0.0
10.737670183181763,0.0
10.747650146484375,0.0
10.757630109786987,0.0
10.7676100730896,0.0
10.777590036392212,0.0
10.787559986114502,0.0
10.797539949417114,8.881784197001252e-16
10.807520151138306,8.881784197001252e-16
10.817500114440918,8.881784197001252e-16
10.82748031616211,8.881784197001252e-16
10.837460279464722,0.0
10.847440242767334,0.0
10.857420206069946,0.0
10.867400169372559,0.0
10.877380132675171,0.0
10.887360095977783,0.0
10.897340059280396,0.0
10.907320022583008,0.0
10.917289972305298,0.0
10.92727017402649,8.881784197001252e-16
10.937250137329102,0.0
10.947230100631714,8.881784197001252e-16
10.957210302352905,8.881784197001252e-16
10.967190265655518,0.0
10.97717022895813,0.0
10.987150192260742,0.0
10.997130155563354,0.0
11.007110118865967,0.0
11.017090082168579,0.0
11.027070045471191,0.0
11.037050008773804,0.0
11.047020196914673,0.0
11.057000160217285,0.0
11.066980123519897,0.0
11.07696008682251,8.881784197001252e-16
11.086940288543701,8.881784197001252e-16
11.096920251846313,0.0
11.106900215148926,0.0
11.116880178451538,0.0
11.12686014175415,0.0
11.136840105056763,0.0
11.146820068359375,0.0
11.156800031661987,8.881784197001252e-16
11.166780233383179,0.0
11.176750183105469,0.0
11.186730146408081,0.0
11.196710109710693,0.0
11.206690073013306,0.0
11.216670036315918,8.881784197001252e-16
11.22665023803711,8.881784197001252e-16
11.236630201339722,0.0
11.246610164642334,0.0
11.256590127944946,0.0
11.266570091247559,0.0
11.276550054550171,8.881784197001252e-16
11.286530256271362,8.881784197001252e-16
11.296510219573975,0.0
11.306490182876587,0.0
11.316460132598877,0.0
11.32644009590149,0.0
11.336420059204102,0.0
11.346400022506714,8.881784197001252e-16
11.356380224227905,8.881784197001252e-16
11.366360187530518,0.0
11.37634015083313,0.0
11.386320114135742,0.0
11.396300077438354,8.881784197001252e-16
11.406280279159546,8.881784197001252e-16
11.416260242462158,0.0
11.42624020576477,0.0
11.436220169067383,0.0
11.446190118789673,0.0
11.456170082092285,0.0
11.466150045394897,0.0
11.47613000869751,8.881784197001252e-16
11.486110210418701,0.004967270929373421
11.496090173721313,0.014145233693436449
11.506070137023926,0.026614791371652305
11.516050100326538,0.042402619352521265
11.52603030204773,0.05855365026708267
11.536010265350342,0.07698297321716178
11.545990228652954,0.09894069274893509
11.555970191955566,0.12244627379296097
11.565950155258179,0.14622908482951863
11.575920104980469,0.17342791633679389
11.585900068283081,0.20074312437469738
11.595880031585693,0.23411747826381665
11.605859994888306,0.2826783426879158
11.615839958190918,0.34088109650965565
11.62582015991211,0.4017336387815265
11.635800123214722,0.4627776746929089
11.645780324935913,0.5203887894960517
11.655760288238525,0.5738840040090987
11.665740251541138,0.6298593447789171
11.67572021484375,0.6897819158590714
11.685700178146362,0.7543384141500523
11.695680141448975,0.8223339637388022
11.705660104751587,0.8907850339028875
11.715630054473877,0.9601886716594589
11.72561001777649,1.0294799062042963
11.735589981079102,1.0978987052704938
11.745569944381714,1.1643182979893376
11.755550146102905,1.22700616997181
11.765530347824097,1.2872466912607632
11.775510311126709,1.345173633812678
11.785490274429321,1.4002708843842615
11.795470237731934,1.4515241067226277
11.805450201034546,1.4977629502567447
11.815430164337158,1.5399335267941094
11.82541012763977,1.5792280044307145
11.835390090942383,1.615176239759851
11.845360040664673,1.6463189471742465
11.855340003967285,1.668336780913802
11.865319967269897,1.6782688209131806
11.87529993057251,1.680496311100731
11.88528037071228,1.680196961479993
11.895260334014893,1.679115698590406
11.905240297317505,1.6761208982369062
11.915220260620117,1.66918360990181
11.92520022392273,1.6586617306515878
11.935180187225342,1.6476855773863104
11.945160150527954,1.6392052735776808
11.955140113830566,1.6309245380502466
11.965120077133179,1.6127928074719133
11.975090026855469,1.5765531619686821
11.985069990158081,1.5266134501113904
11.995049953460693,1.478117294072674
12.005030155181885,1.4404302832787097
12.015010356903076,1.4092697771442353
12.024990320205688,1.378412494992136
12.0349702835083,1.3464081250145459
12.044950246810913,1.3160826018595977
12.054930210113525,1.2892448059424912
12.064910173416138,1.263313954146357
12.07489013671875,1.2318866808213162
12.084870100021362,1.18678925513188
12.094850063323975,1.125991117432069
12.104830026626587,1.0571567577343954
12.114799976348877,0.9928105473752369
12.124780178070068,0.9388177251250911
12.13476014137268,0.8916396850726206
12.144740104675293,0.8450343814209069
12.154720306396484,0.7979187235673245
12.164700269699097,0.7547239378699903
12.174680233001709,0.7192516025377363
12.184660196304321,0.6878136307796922
12.194640159606934,0.6541179065814117
12.204620122909546,0.6195627592689361
12.214600086212158,0.5900650205204031
12.22458004951477,0.5712909027992094
12.234560012817383,0.5600793566496884
12.244530200958252,0.548037985192088
12.254510164260864,0.5338353824538604
12.264490127563477,0.5200274833929794
12.274470090866089,0.5106471981181698
12.28445029258728,0.5099034589966603
12.294430255889893,0.5201383179845711
12.304410219192505,0.5426488220484141
12.314390182495117,0.5727617034544311
12.32437014579773,0.5980381413839763
12.334350109100342,0.5549497655529171
12.344330072402954,0.569883806853553
12.354310035705566,0.5992244144563529
12.364289999008179,0.585151225268362
12.374260187149048,0.6048264976684397
12.38424015045166,0.514470819397601
12.394220113754272,0.42130881755891575
12.404200077056885,0.38648626146455006
12.414180278778076,0.3225673095881704
12.424160242080688,0.22988208990019915
12.4341402053833,0.18112554397925518
12.444120168685913,0.18978449612928616
12.454100131988525,0.19586103610672873
12.464080095291138,0.18522601263033822
12.47406005859375,0.1793711638019135
12.484040021896362,0.16913548369977677
12.494020223617554,0.15237121957941543
12.503990173339844,0.1446071741084675
12.513970136642456,0.12857646158321706
12.523950099945068,0.11068487061076278
12.53393006324768,0.10122759583317283
12.543910026550293,0.09652439232147379
12.553890228271484,0.09339886815819924
12.563870191574097,0.09179016869189432
12.573850154876709,0.09071696635284286
12.583830118179321,0.08999790677669024
12.593810081481934,0.09059485877302363
12.603790044784546,0.08896972078016388
12.613770246505737,0.07914856874946878
12.62375020980835,0.06614044854418855
12.633730173110962,0.05423690812429154
12.643700122833252,0.045996304851061445
12.653680086135864,0.04119334107958964
12.663660049438477,0.036783199269593336
12.673640012741089,0.032410294342386195
12.68362021446228,0.028624429103474798
12.693600177764893,0.024948118531281205
12.703580141067505,0.01985208925383315
12.713560104370117,0.013768089005083238
12.72354006767273,0.007927557990688366
12.733520269393921,0.0025287414472483284
12.743500232696533,0.0
12.753480195999146,0.0
12.763460159301758,1.790180836524724e-15
12.773430109024048,1.790180836524724e-15
12.78341007232666,0.0
12.793390035629272,0.0
12.803369998931885,7.337557957613285e-15
12.813350200653076,7.337557957613285e-15
12.823330163955688,0.0
12.8333101272583,0.0
12.843290090560913,7.337557957613285e-15
12.853270292282104,7.337557957613285e-15
12.863250255584717,0.0
12.873230218887329,0.0
12.883210182189941,0.0
12.893190145492554,1.790180836524724e-15
12.903160095214844,1.790180836524724e-15
12.913140058517456,0.0
12.923120021820068,0.0
12.93309998512268,0.0
12.943079948425293,7.337557957613285e-15
12.953060150146484,7.337557957613285e-15
12.963040113449097,7.337557957613285e-15
12.973020315170288,7.337557957613285e-15
12.9830002784729,0.0
12.992980241775513,0.0
13.002960205078125,0.0
13.012940168380737,0.0
13.02292013168335,0.0
13.032900094985962,1.790180836524724e-15
13.042870044708252,1.790180836524724e-15
13.052850008010864,0.0
13.062829971313477,0.0
13.072809934616089,7.337557957613285e-15
13.08279013633728,0.0
13.092770338058472,7.337557957613285e-15
13.102750301361084,0.0
13.112730264663696,0.0
13.122710227966309,0.0
13.132690191268921,0.0
13.142670154571533,0.0
13.152650117874146,0.0
13.162630081176758,1.790180836524724e-15
13.172600030899048,1.790180836524724e-15
13.18257999420166,0.0
13.192559957504272,0.0
13.202539920806885,7.105427357601002e-15
13.212520360946655,7.105427357601002e-15
13.222500324249268,0.0
13.23248028755188,0.0
13.242460250854492,0.0
13.252440214157104,0.0
13.262420177459717,0.0
13.272400140762329,0.0
13.282380104064941,0.0
13.292360067367554,1.790180836524724e-15
13.302330017089844,1.790180836524724e-15
13.312309980392456,0.0
13.322289943695068,7.337557957613285e-15
13.33227014541626,0.0
13.342250347137451,7.337557957613285e-15
13.352230310440063,0.0
13.362210273742676,0.0
13.372190237045288,0.0
13.3821702003479,0.0
13.392150163650513,0.0
13.402130126953125,0.0
13.412110090255737,0.0
13.42209005355835,0.0
13.432070016860962,1.790180836524724e-15
13.442039966583252,7.105427357601002e-15
13.452020168304443,7.337557957613285e-15
13.462000131607056,0.0
13.471980094909668,7.337557957613285e-15
13.48196029663086,7.337557957613285e-15
13.491940259933472,0.004338442604242332
13.501920223236084,0.014149823147495553
13.511900186538696,0.02593490411179537
13.521880149841309,0.03759033363670498
13.531860113143921,0.04942679201960725
13.541840076446533,0.06381395166153764
13.551820039749146,0.07990819046967801
13.561800003051758,0.09692038661028643
13.571770191192627,0.11564122128079485
13.58175015449524,0.13624520537309057
13.591730117797852,0.1580095124844868
13.601710081100464,0.18033174385077283
13.611690282821655,0.20207364112061416
13.621670246124268,0.22291550884131955
13.63165020942688,0.24389189864629396
13.641630172729492,0.26552549787100405
13.651610136032104,0.28904719628263936
13.661590099334717,0.3149255668972497
13.671570062637329,0.34644111212509643
13.681550025939941,0.38948055829627426
13.691530227661133,0.4417227993335287
13.701500177383423,0.5016788422173569
13.711480140686035,0.5671555909957756
13.721460103988647,0.6357454504587148
13.73144006729126,0.713924653003211
13.741420269012451,0.8031076623930176
13.751400232315063,0.9056414786966431
13.761380195617676,1.0149296551602962
13.771360158920288,1.106392847596231
13.7813401222229,1.1781820507207712
13.791320085525513,1.1945154677236578
13.801300048828125,1.2042921239357889
13.811280250549316,1.3153643937804602
13.821260213851929,1.4498040082603039
13.831230163574219,1.5533974160632031
13.841210126876831,1.6535759255441018
13.851190090179443,1.7367401304910426
13.861170053482056,1.8083183225619162
13.871150016784668,1.8728998051348766
13.88113021850586,1.9308463727882017
13.891110181808472,1.9845769957004562
13.901090145111084,2.035633822112428
13.911070108413696,2.086916989132926
13.921050071716309,2.1427383764425962
13.9310302734375,2.206709236819811
13.941010236740112,2.2777386679837726
13.950990200042725,2.3512513002110236
13.960970163345337,2.4227983194765295
13.970940113067627,2.490084885837855
13.98092007637024,2.554500103666507
13.990900039672852,2.617759868708679
14.000880002975464,2.680242041012578
14.010860204696655,2.741919482258875
14.020840167999268,2.8012907524975748
14.03082013130188,2.8573483706968217
14.040800094604492,2.911210178440355
14.050780296325684,2.9642794831428265
14.060760259628296,3.0156015697828757
14.070740222930908,3.0621047487238204
14.08072018623352,3.101630495240704
14.090700149536133,3.133947934250625
14.100670099258423,3.1598667803654674
14.110650062561035,3.179794466134981
14.120630025863647,3.193601360436027
14.13060998916626,3.2021315889370645
14.140590190887451,3.2065377855603105
14.150570154190063,3.2073628168426334
14.160550117492676,3.2054487631051156
14.170530319213867,3.2007659734134783
14.18051028251648,3.1899403118165153
14.190490245819092,3.1718496482525556
14.200470209121704,3.1491450952617206
14.210450172424316,3.121504348878761
14.220430135726929,3.0874830100625577
14.230400085449219,3.0466840823836807
14.240380048751831,2.997174936308095
14.250360012054443,2.939215564738679
14.260339975357056,2.8739343075094577
14.270319938659668,2.804527173738595
14.28030014038086,2.7330909457528927
14.29028034210205,2.657379090892489
14.300260305404663,2.578856854490055
14.310240268707275,2.502782251703811
14.320220232009888,2.4219903561065355
14.3302001953125,2.3349413165687345
14.340180158615112,2.2404613210205273
14.350160121917725,2.1312387959164827
14.360140085220337,2.0128915196801183
14.370110034942627,1.8939013431712963
14.38008999824524,1.7819660665229056
14.390069961547852,1.6815250841502476
14.400049924850464,1.5934203840880319
14.410030364990234,1.5154213498110065
14.420010328292847,1.445129267952013
14.429990291595459,1.3758268084167775
14.439970254898071,1.2955017864905898
14.449950218200684,1.1974430775496165
14.459930181503296,1.0903475408522847
14.469910144805908,0.994933629187332
14.47989010810852,0.9197888659918108
14.489870071411133,0.8564811067570396
14.499840021133423,0.797821152265205
14.509819984436035,0.7534305922800807
14.519799947738647,0.8106671389554118
14.529780149459839,0.8772981098255237
14.53976035118103,0.9535123508826717
14.549740314483643,1.079138378365651
14.559720277786255,1.0661353628621022
14.569700241088867,0.9645975218258339
14.57968020439148,0.8655528922441421
14.589660167694092,0.7840455429197482
14.599640130996704,0.690657602057035
14.609620094299316,0.5586754751688476
14.619600057601929,0.4557107927267382
14.629570007324219,0.3872438699773802
14.639549970626831,0.33753532524847807
14.649530172348022,0.2980468960367095
14.659510135650635,0.25193534294037867
14.669490337371826,0.22848168263826527
14.679470300674438,0.2225594808319489
14.68945026397705,0.18974613084358688
14.699430227279663,0.1403835487688868
14.709410190582275,0.11464787823257919
14.719390153884888,0.10038097389166638
14.7293701171875,0.0844728302233319
14.739350080490112,0.06970033759183725
14.749330043792725,0.05466287892829144
14.759310007095337,0.042503889188259564
14.769280195236206,0.0387314803807415
14.779260158538818,0.03440272142450137
14.78924012184143,0.021319723313854844
14.799220085144043,0.007037742278414603
14.809200286865234,1.464821375527116e-14
14.819180250167847,0.0
14.829160213470459,0.0
14.839140176773071,0.0
14.849120140075684,0.0
14.859100103378296,0.0
14.869080066680908,0.0
14.87906002998352,0.0
14.889039993286133,0.0
14.899010181427002,0.0
14.908990144729614,0.0
14.918970108032227,0.0
14.928950071334839,1.464821375527116e-14
14.93893027305603,1.464821375527116e-14
14.948910236358643,0.0
14.958890199661255,0.0
14.968870162963867,0.0
14.97885012626648,0.0
14.988830089569092,0.0
14.998810052871704,0.0
15.008790016174316,1.464821375527116e-14
15.018770217895508,1.4217791915866692e-14
15.028740167617798,3.580361673049448e-15
15.03872013092041,0.0
15.048700094223022,0.0
15.058680057525635,1.464821375527116e-14
15.068660259246826,1.464821375527116e-14
15.078640222549438,0.0
15.08862018585205,0.0
15.098600149154663,0.0
15.108580112457275,0.0
15.118560075759888,0.0
15.1285400390625,1.464821375527116e-14
15.138520240783691,1.464821375527116e-14
15.148500204086304,3.580361673049448e-15
15.158470153808594,3.580361673049448e-15
15.168450117111206,0.0
15.178430080413818,0.0
15.18841004371643,0.0
15.198390007019043,1.464821375527116e-14
15.208370208740234,1.464821375527116e-14
15.218350172042847,0.0
15.228330135345459,0.0
15.238310098648071,0.0
15.248290061950684,1.464821375527116e-14
15.258270263671875,1.464821375527116e-14
15.268250226974487,0.0
15.2782301902771,0.0
15.288210153579712,3.580361673049448e-15
15.298180103302002,3.580361673049448e-15
15.308160066604614,0.0
15.318140029907227,0.0
15.328119993209839,1.464821375527116e-14
15.33810019493103,1.464821375527116e-14
15.348080158233643,0.0
15.358060121536255,0.0
15.368040084838867,1.464821375527116e-14
15.378020286560059,1.464821375527116e-14
15.388000249862671,0.0
15.397980213165283,0.0
15.407960176467896,0.0
15.417940139770508,3.580361673049448e-15
15.427910089492798,3.580361673049448e-15
15.43789005279541,0.0
15.447870016098022,0.0
15.457849979400635,1.464821375527116e-14
15.467830181121826,1.464821375527116e-14
15.477810144424438,0.0
15.48779010772705,0.00455136987255776
15.497770309448242,0.014483389526142237
15.507750272750854,0.026014216280389003
15.517730236053467,0.039825758816588654
15.527710199356079,0.05600873931007242
15.537690162658691,0.0740860357150652
15.547670125961304,0.0946143788937938
15.557640075683594,0.11521903446170723
15.567620038986206,0.14030880610458776
15.577600002288818,0.16974983182952522
15.58757996559143,0.20033194951983954
15.597559928894043,0.233549555612189
15.607540130615234,0.26761051668035174
15.617520332336426,0.3022140938392292
15.627500295639038,0.33923745961255625
15.63748025894165,0.38000839613402404
15.647460222244263,0.4329663472145058
15.657440185546875,0.503433365463914
15.667420148849487,0.5881924747698205
15.6774001121521,0.6843522039239404
15.687380075454712,0.785933482154252
15.697350025177002,0.8918945149143362
15.707329988479614,1.0061200288496965
15.717309951782227,1.1105526017392282
15.727289915084839,1.1997328854226275
15.73727035522461,1.2610158755995524
15.747250318527222,1.2803325865051685
15.757230281829834,1.331917246054101
15.767210245132446,1.4647254286589337
15.777190208435059,1.6024758815942879
15.787170171737671,1.7083027529912553
15.797150135040283,1.8068775626783695
15.807130098342896,1.8932498425013529
15.817110061645508,1.970089750947636
15.827080011367798,2.0381401542322877
15.83705997467041,2.096558069361059
15.847039937973022,2.1494166590585895
15.857020139694214,2.2014909580752584
15.867000341415405,2.2570204542832193
15.876980304718018,2.3183114142767303
15.88696026802063,2.3849818056796304
15.896940231323242,2.4567343818901555
15.906920194625854,2.5343590278522186
15.916900157928467,2.6182742387251636
15.926880121231079,2.7061136644347843
15.936860084533691,2.7945638482487527
15.946840047836304,2.8797154764354276
15.956809997558594,2.9573459124050454
15.966789960861206,3.024876237589152
15.976770162582397,3.0829439987125857
15.98675012588501,3.132363552616863
15.996730327606201,3.173807860555086
16.006710290908813,3.209551682555851
16.016690254211426,3.2404806599291454
16.026670217514038,3.267949345032914
16.03665018081665,3.2935967105324164
16.046630144119263,3.3158776711725353
16.056610107421875,3.3319107157152987
16.066590070724487,3.3420448260638107
16.0765700340271,3.3471464170467438
16.086549997329712,3.346694789911904
16.09652018547058,3.3411009353915504
16.106500148773193,3.3310969859000465
16.116480112075806,3.3154312315232097
16.126460075378418,3.2931142419870025
16.13644027709961,3.2669264628850465
16.14642024040222,3.237209066266919
16.156400203704834,3.2017672207335
16.166380167007446,3.159612007753799
16.17636013031006,3.107612138348655
16.18634009361267,3.0428675538252903
16.196320056915283,2.968549618501377
16.206300020217896,2.8912878318606627
16.216280221939087,2.8154474277642776
16.226250171661377,2.7409145604469876
16.23623013496399,2.6647518026868147
16.2462100982666,2.5878135106687075
16.256190061569214,2.5123695861809043
16.266170263290405,2.4352534192377493
16.276150226593018,2.3493339255464987
16.28613018989563,2.249937639180864
16.296110153198242,2.136531434477421
16.306090116500854,2.015075783591834
16.316070079803467,1.8917521173614018
16.32605004310608,1.7696338086831325
16.33603024482727,1.6549150187706883
16.346010208129883,1.5530449822343673
16.355980157852173,1.4618680838524074
16.365960121154785,1.3755509650029891
16.375940084457397,1.2909753432768751
16.38592004776001,1.2064930169668941
16.3959002494812,1.12515505856553
16.405880212783813,1.054427976012692
16.415860176086426,0.9944165251920671
16.425840139389038,0.9352393668706573
16.43582010269165,0.8771483634253742
16.445800065994263,0.8649584442681778
16.455780267715454,0.8559159670890601
16.465760231018066,0.9219385291342105
16.47574019432068,1.0495053717583784
16.48571014404297,1.0440402213848867
16.49569010734558,0.9489561101450349
16.505670070648193,0.8327588127142268
16.515650033950806,0.7449616742553472
16.525629997253418,0.6824262517496703
16.53561019897461,0.5568471562245718
16.54559016227722,0.42849938051847786
16.555570125579834,0.3513907081330382
16.565550088882446,0.3079324258110339
16.575530290603638,0.2834991209656903
16.58551025390625,0.25966288205652505
16.595490217208862,0.23266354944507217
16.605470180511475,0.20557518508971362
16.615450143814087,0.16199845377506894
16.625420093536377,0.1328095349770442
16.63540005683899,0.12465487656119072
16.6453800201416,0.11208589049612183
16.655359983444214,0.10009144525151237
16.665340185165405,0.08733524454410126
16.675320148468018,0.07502907246784951
16.68530011177063,0.06355992479554773
16.69528031349182,0.05277339237981212
16.705260276794434,0.040580012210678834
16.715240240097046,0.02847947448296252
16.725220203399658,0.01723144228178251
16.73520016670227,0.005749175402867082
16.745180130004883,2.842170943040401e-14
16.755150079727173,2.842170943040401e-14
16.765130043029785,0.0
16.775110006332397,0.0
16.78508996963501,5.731332139511976e-14
16.7950701713562,5.731332139511976e-14
16.805050134658813,5.731332139511976e-14
16.815030336380005,5.731332139511976e-14
16.825010299682617,0.0
16.83499026298523,0.0
16.844970226287842,0.0
16.854950189590454,0.0
16.864930152893066,0.0
16.87491011619568,2.842170943040401e-14
16.88488006591797,2.842170943040401e-14
16.89486002922058,0.0
16.904839992523193,0.0
16.914819955825806,0.0
16.924799919128418,7.32410687763558e-15
16.93478035926819,7.32410687763558e-15
16.9447603225708,0.0
16.954740285873413,0.0
16.964720249176025,0.0
16.974700212478638,0.0
16.98468017578125,0.0
16.994660139083862,0.0
17.004640102386475,0.0
17.014620065689087,2.842170943040401e-14
17.024590015411377,2.842170943040401e-14
17.03456997871399,0.0
17.0445499420166,5.731332139511976e-14
17.054530143737793,0.0
17.064510345458984,5.731332139511976e-14
17.074490308761597,0.0
17.08447027206421,0.0
17.09445023536682,0.0
17.104430198669434,0.0
17.114410161972046,0.0
17.124390125274658,0.0
17.13437008857727,0.0
17.144350051879883,2.842170943040401e-14
17.154320001602173,2.842170943040401e-14
17.164299964904785,5.731332139511976e-14
17.174280166625977,5.731332139511976e-14
17.18426012992859,5.731332139511976e-14
17.19424033164978,5.731332139511976e-14
17.204220294952393,0.0
17.214200258255005,0.0
17.224180221557617,0.0
17.23416018486023,0.0
17.244140148162842,0.0
17.254120111465454,0.0
17.264100074768066,0.0
17.27408003807068,2.842170943040401e-14
17.28404998779297,7.105427357601002e-15
17.29403018951416,5.731332139511976e-14
17.304010152816772,0.0
17.313990116119385,5.731332139511976e-14
17.323970317840576,5.731332139511976e-14
17.33395028114319,0.0
17.3439302444458,0.0
17.353910207748413,0.0
17.363890171051025,0.0
17.373870134353638,0.0043127535417236285
17.38385009765625,0.012919159218556018
17.393830060958862,0.020160793758752172
17.403810024261475,0.02830656709383882
17.413789987564087,0.03766986977525408
17.423760175704956,0.047184202086915115
17.43374013900757,0.05772024687097319
17.44372010231018,0.07208814217992426
17.453700065612793,0.09144464512906293
17.463680267333984,0.11320683390674864
17.473660230636597,0.13540622879103623
17.48364019393921,0.15981035800262802
17.49362015724182,0.18899127637238042
17.503600120544434,0.22212812217418684
17.513580083847046,0.25627503688062003
17.523560047149658,0.29030966035898337
17.53354001045227,0.32860206247067036
17.543520212173462,0.37426626839990473
17.553490161895752,0.4258045565048484
17.563470125198364,0.48572261410697426
17.573450088500977,0.550378561854305
17.58343005180359,0.6192401941248065
17.59341025352478,0.6985003290557924
17.603390216827393,0.7825089747341568
17.613370180130005,0.8787604098005232
17.623350143432617,0.9799995207732289
17.63333010673523,1.0673596231286153
17.643310070037842,1.150122329319055
17.653290033340454,1.2176770999439794
17.663270235061646,1.2489775588170569
17.673250198364258,1.2918681670316574
17.683220148086548,1.4101296235407987
17.69320011138916,1.5558498432695065
17.703180074691772,1.6776185055293578
17.713160037994385,1.7928324368437485
17.723140239715576,1.8976984784649664
17.73312020301819,1.9879359592127481
17.7431001663208,2.0669005055083693
17.753080129623413,2.138099236035549
17.763060092926025,2.2039136264376475
17.773040056228638,2.265041403853204
17.78302025794983,2.3227087387370036
17.79300022125244,2.3805964434623705
17.802980184555054,2.4431004593616628
17.812950134277344,2.510970916863529
17.822930097579956,2.5798727500715923
17.83291006088257,2.6445803965349746
17.84289002418518,2.702466582610983
17.852869987487793,2.7564114524588597
17.862850189208984,2.808743523845693
17.872830152511597,2.8584529030880126
17.88281011581421,2.905704864782961
17.89279007911682,2.9508174148574056
17.902770280838013,2.9943519779472467
17.912750244140625,3.038000977424184
17.922730207443237,3.0839112481779534
17.93271017074585,3.1311391625074165
17.942690134048462,3.176803353630193
17.952660083770752,3.2189510772556247
17.962640047073364,3.2567596668411283
17.972620010375977,3.2890898129847557
17.98259997367859,3.313460325099277
17.99258017539978,3.329313585615319
18.002560138702393,3.339201550945074
18.012540102005005,3.344932010046347
18.022520303726196,3.3478985536437453
18.03250026702881,3.348670304370189
18.04248023033142,3.345038313804946
18.052460193634033,3.3357086313399806
18.062440156936646,3.321984119896821
18.072420120239258,3.305378254691002
18.082390069961548,3.2867630899541123
18.09237003326416,3.264446084259633
18.102349996566772,3.2372654440696533
18.112329959869385,3.2059044275808963
18.122310161590576,3.16880363225148
18.13229012489319,3.1256186531359567
18.14227032661438,3.078172892712417
18.152250289916992,3.0263191150900366
18.162230253219604,2.967537470971459
18.172210216522217,2.90266419189064
18.18219017982483,2.834246567075547
18.19217014312744,2.762951972197994
18.202150106430054,2.688929277396898
18.212120056152344,2.6109216066654337
18.222100019454956,2.527760058616377
18.23207998275757,2.4391235990493803
18.24205994606018,2.3447221990688916
18.252039909362793,2.244949863883794
18.262020349502563,2.1419048481408747
18.272000312805176,2.033930833497649
18.281980276107788,1.912034615961883
18.2919602394104,1.7729656791215258
18.301940202713013,1.6258600776297438
18.311920166015625,1.4819430340992046
18.321900129318237,1.3489824173261016
18.33188009262085,1.2302704906635795
18.341860055923462,1.1234229332714762
18.351830005645752,1.0239652490751465
18.361809968948364,0.9350828038887827
18.371789932250977,0.8673867315156168
18.381770133972168,0.8215895865947135
18.39175033569336,0.862906773724073
18.40173029899597,0.9275796268558372
18.411710262298584,1.0193089524771315
18.421690225601196,1.0913140314551848
18.43167018890381,1.0489927283020632
18.44165015220642,1.0150104647596514
18.451630115509033,0.9281903456815211
18.461610078811646,0.8284102288510676
18.471590042114258,0.725362114426527
18.481559991836548,0.6070071429327516
18.49153995513916,0.5202458212355927
18.50152015686035,0.45863021023482137
18.511500120162964,0.40210345014400484
18.521480321884155,0.3624854294129693
18.531460285186768,0.3507144374534369
18.54144024848938,0.3400730069301688
18.551420211791992,0.3154829735968279
18.561400175094604,0.29927008699462876
18.571380138397217,0.2949485995115854
18.58136010169983,0.2585477974985194
18.59134006500244,0.2271970505767757
18.601320028305054,0.21802626716849352
18.611289978027344,0.20743961869813948
18.621270179748535,0.19777208879960909
18.631250143051147,0.18518336336002397
18.64123010635376,0.17063310145272786
18.65121030807495,0.15485943788056766
18.661190271377563,0.14042464735097826
18.671170234680176,0.12428826678480515
18.681150197982788,0.10872433266342545
18.6911301612854,0.0958985940735843
18.701110124588013,0.08368259966708369
18.711090087890625,0.07201322414744567
18.721070051193237,0.0606365426411933
18.73105001449585,0.04978414207844077
18.74102020263672,0.038968408348835186
18.75100016593933,0.027538566102161655
18.760980129241943,0.015835846489267235
18.770960092544556,0.005031424389827682
18.780940055847168,5.684341886080802e-14
18.79092025756836,5.684341886080802e-14
18.80090022087097,0.0
18.810880184173584,0.0
18.820860147476196,0.0
18.83084011077881,0.0
18.84082007408142,0.0
18.850800037384033,5.684341886080802e-14
18.860780239105225,5.684341886080802e-14
18.870760202407837,8.881784197001252e-16
18.880730152130127,8.881784197001252e-16
18.89071011543274,0.0
18.90069007873535,0.0
18.910670042037964,5.684341886080802e-14
18.920650243759155,5.684341886080802e-14
18.930630207061768,0.0
18.94061017036438,0.0
18.950590133666992,0.0
18.960570096969604,0.0
18.970550060272217,5.684341886080802e-14
18.980530261993408,5.684341886080802e-14
18.99051022529602,0.0
19.000490188598633,8.881784197001252e-16
19.010460138320923,8.881784197001252e-16
19.020440101623535,0.0
19.030420064926147,0.0
19.04040002822876,5.684341886080802e-14
19.05038022994995,5.684341886080802e-14
19.060360193252563,0.0
19.070340156555176,0.0
19.080320119857788,0.0
19.0903000831604,5.684341886080802e-14
19.100280284881592,5.684341886080802e-14
19.110260248184204,0.0
19.120240211486816,0.0
19.13022017478943,8.881784197001252e-16
19.14019012451172,8.881784197001252e-16
19.15017008781433,0.0
19.160150051116943,0.0
19.170130014419556,0.0
19.180109977722168,5.684341886080802e-14
19.19009017944336,5.684341886080802e-14
19.20007014274597,0.0
19.210050106048584,5.684341886080802e-14
19.220030307769775,5.684341886080802e-14
19.230010271072388,0.0
19.239990234375,0.0
19.249970197677612,0.0
19.259950160980225,0.0
19.269930124282837,8.881784197001252e-16
19.279900074005127,8.881784197001252e-16
19.28988003730774,0.0
19.29986000061035,0.0
19.309839963912964,5.684341886080802e-14
19.319820165634155,5.684341886080802e-14
19.329800128936768,5.684341886080802e-14
19.33978033065796,5.684341886080802e-14
19.34976029396057,0.008829235480314416
19.359740257263184,0.026175287592345647
19.369720220565796,0.04533008695127939
19.379700183868408,0.06822475118925234
19.38968014717102,0.09467312520268381
19.399660110473633,0.12231902777459833
19.409630060195923,0.1498732804760861
19.419610023498535,0.17814915297411732
19.429589986801147,0.20725155016620314
19.43956995010376,0.23839620967542516
19.44955015182495,0.2734509593962093
19.459530353546143,0.3130508223422465
19.469510316848755,0.3607973377029728
19.479490280151367,0.4246312338041898
19.48947024345398,0.5006272522353538
19.499450206756592,0.5900195833789026
19.509430170059204,0.6935280532194189
19.519410133361816,0.79694010762066
19.52939009666443,0.8981125528479952
19.53936004638672,0.9959492732765409
19.54934000968933,1.0778647540211463
19.559319972991943,1.1511130739094677
19.569299936294556,1.1952455338228976
19.579280376434326,1.2212441964600038
19.58926033973694,1.3222493577032384
19.59924030303955,1.467123246587326
19.609220266342163,1.5841738926903548
19.619200229644775,1.6872185887489481
19.629180192947388,1.7771180283251165
19.63916015625,1.8549001888972532
19.649140119552612,1.9228122930838751
19.659120082855225,1.9826560394279706
19.669100046157837,2.039003868673291
19.679069995880127,2.0944834125310505
19.68904995918274,2.1499353046080585
19.69903016090393,2.205653871551731
19.709010124206543,2.2618613820603772
19.718990325927734,2.3183140691700146
19.728970289230347,2.3744721472228396
19.73895025253296,2.43038930716107
19.74893021583557,2.4864774536009593
19.758910179138184,2.542261030958378
19.768890142440796,2.5968405701354285
19.778870105743408,2.650149003119516
19.78885006904602,2.7016098799581454
19.798830032348633,2.7501503901997135
19.808799982070923,2.7958597521501325
19.818780183792114,2.8380343337779386
19.828760147094727,2.8760149744903307
19.83874011039734,2.9104432148909627
19.84872031211853,2.942551655740286
19.858700275421143,2.9749734443753275
19.868680238723755,3.00992650705114
19.878660202026367,3.0467600666100503
19.88864016532898,3.0796002924118864
19.898620128631592,3.1030510086123395
19.908600091934204,3.1164782286114834
19.918580055236816,3.1219813293200325
19.92856001853943,3.12221392274226
19.938530206680298,3.1173788964773093
19.94851016998291,3.1058103714681367
19.958490133285522,3.0867527068950493
19.968470096588135,3.0621674556459113
19.978450298309326,3.0353111934202723
19.98843026161194,3.0069666478618475
19.99841022491455,2.9765332515370218
20.008390188217163,2.9435058324242767
20.018370151519775,2.9073700520828867
20.028350114822388,2.8655274932370505
20.038330078125,2.815327494582601
20.048310041427612,2.7576519322674615
20.058290004730225,2.694270412269474
20.068260192871094,2.626711395463486
20.078240156173706,2.555644851532628
20.08822011947632,2.4797628937053235
20.09820008277893,2.396540962332287
20.108180046081543,2.3058532689794475
20.118160247802734,2.2101367452615857
20.128140211105347,2.1121181696325353
20.13812017440796,2.011506691206986
20.14810013771057,1.9078172356104248
20.158080101013184,1.7980421185273223
20.168060064315796,1.6771549664079513
20.178040027618408,1.5489925530168025
20.1880202293396,1.4232502710945574
20.198000192642212,1.3091700536253716
20.207970142364502,1.21047115107662
20.217950105667114,1.1226963781836414
20.227930068969727,1.039850557605761
20.23791003227234,0.9565824542638673
20.24789023399353,0.8735589643791013
20.257870197296143,0.7999649003217526
20.267850160598755,0.74672376233939
20.277830123901367,0.7196905625782659
20.28781008720398,0.7696902043833445
20.297790050506592,0.7741194236670511
20.307770252227783,0.7929503857979696
20.317750215530396,0.9105428631318122
20.327730178833008,0.9159517231166963
20.337700128555298,0.8977064605267057
20.34768009185791,0.8847458414083674
20.357660055160522,0.8035752140824619
20.367640018463135,0.646697399172462
20.377620220184326,0.49353499834643627
20.38760018348694,0.3757095743610893
20.39758014678955,0.3060509483791794
20.407560110092163,0.25702983225193393
20.417540073394775,0.23685746148946157
20.427520275115967,0.2394875472543236
20.43750023841858,0.2352252335229686
20.44748020172119,0.22707947201609888
20.457460165023804,0.212061041320189
20.467430114746094,0.19784581884542599
20.477410078048706,0.16833473392323633
20.48739004135132,0.14038511535074305
20.49737000465393,0.12486116390938296
20.507349967956543,0.1106584372402865
20.517330169677734,0.09623771943774374
20.527310132980347,0.08178793832043156
20.53729009628296,0.06782191286373046
20.54727029800415,0.054805169138834306
20.557250261306763,0.04309977620677544
20.567230224609375,0.03108680159344645
20.577210187911987,0.01885835163132564
20.5871901512146,0.0064298332725966495
20.597170114517212,5.684341886080802e-14
20.607140064239502,5.684341886080802e-14
20.617120027542114,0.0
20.627099990844727,0.0
20.63707995414734,8.881784197001252e-16
20.64706015586853,8.881784197001252e-16
20.657040119171143,8.881784197001252e-16
20.667020320892334,8.881784197001252e-16
20.677000284194946,0.0
20.68698024749756,0.0
20.69696021080017,0.0
20.706940174102783,0.0
20.716920137405396,0.0
20.726900100708008,5.684341886080802e-14
20.736870050430298,5.684341886080802e-14
20.74685001373291,0.0
20.756829977035522,0.0
20.766809940338135,8.881784197001252e-16
20.776790142059326,0.0
20.786770343780518,8.881784197001252e-16
20.79675030708313,0.0
20.806730270385742,0.0
20.816710233688354,0.0
20.826690196990967,0.0
20.83667016029358,0.0
20.84665012359619,0.0
20.856630086898804,5.684341886080802e-14
20.866600036621094,5.684341886080802e-14
20.876579999923706,0.0
20.88655996322632,0.0
20.89653992652893,1.4210854715202004e-14
20.9065203666687,1.4210854715202004e-14
20.916500329971313,0.0
20.926480293273926,0.0
20.936460256576538,0.0
20.94644021987915,0.0
20.956420183181763,0.0
20.966400146484375,0.0
20.976380109786987,0.0
20.9863600730896,0.0
20.996340036392212,5.684341886080802e-14
21.006309986114502,5.684341886080802e-14
21.016289949417114,8.881784197001252e-16
21.026270151138306,8.881784197001252e-16
21.036250114440918,8.881784197001252e-16
21.04623031616211,8.881784197001252e-16
21.05621027946472,0.0
21.066190242767334,0.0
21.076170206069946,0.0
21.08615016937256,0.0
21.09613013267517,0.0
21.106110095977783,0.0
21.116090059280396,0.0
21.126070022583008,5.684341886080802e-14
21.136039972305298,1.4210854715202004e-14
21.14602017402649,8.881784197001252e-16
21.1560001373291,0.0
21.165980100631714,8.881784197001252e-16
21.175960302352905,8.881784197001252e-16
21.185940265655518,0.0
21.19592022895813,0.0
21.205900192260742,0.0
21.215880155563354,0.0
21.225860118865967,0.0
21.23584008216858,0.0
21.24582004547119,0.0
21.255800008773804,0.0
21.265770196914673,0.0
21.275750160217285,0.0
21.285730123519897,0.0
21.29571008682251,8.881784197001252e-16
21.3056902885437,8.881784197001252e-16
21.315670251846313,0.0
21.325650215148926,0.011053716495007486
21.335630178451538,0.03303306554859001
21.34561014175415,0.05597794280857575
21.355590105056763,0.08235803244260875
21.365570068359375,0.10482409590908165
21.375550031661987,0.12458142802129459
21.38553023338318,0.14307268319813685
21.39550018310547,0.15769372994909495
21.40548014640808,0.17072799440029837
21.415460109710693,0.18462792516819423
21.425440073013306,0.20100690293141582
21.435420036315918,0.22862724887625227
21.44540023803711,0.27149958111815464
21.45538020133972,0.32245979782929785
21.465360164642334,0.3870831756388683
21.475340127944946,0.4599601926721211
21.48532009124756,0.5342873129732212
21.49530005455017,0.6148015347348497
21.505280256271362,0.6881070187544382
21.515260219573975,0.7581656416921712
21.525240182876587,0.8360236759640085
21.535210132598877,0.9358221651161966
21.54519009590149,1.0302476171837747
21.5551700592041,1.0787722245699118
21.565150022506714,1.101253700917345
21.575130224227905,1.115914510263385
21.585110187530518,1.133096422894683
21.59509015083313,1.1577453430415081
21.605070114135742,1.1887877223304837
21.615050077438354,1.2270842277372087
21.625030279159546,1.272312916199692
21.635010242462158,1.3240016775573253
21.64499020576477,1.3788230544367286
21.654970169067383,1.4307166069080959
21.664940118789673,1.477572382498697
21.674920082092285,1.5183384145525127
21.684900045394897,1.5528057376580418
21.69488000869751,1.5835931248610213
21.7048602104187,1.613802560834429
21.714840173721313,1.6465586629968896
21.724820137023926,1.6817483025606115
21.734800100326538,1.7151319384742658
21.74478030204773,1.7433827698193347
21.754760265350342,1.7652050308911853
21.764740228652954,1.7822743268501966
21.774720191955566,1.800315274851261
21.78470015525818,1.8218140396652003
21.79467010498047,1.8441413242757936
21.80465006828308,1.8571513522207468
21.814630031585693,1.849531537476085
21.824609994888306,1.8249995781869335
21.834589958190918,1.7923208523621652
21.84457015991211,1.754676767091594
21.85455012321472,1.712685422598251
21.864530324935913,1.6682388511506403
21.874510288238525,1.6235250306153206
21.884490251541138,1.577521731224772
21.89447021484375,1.5306969080688135
21.904450178146362,1.4872195232433434
21.914430141448975,1.4496060538224402
21.924410104751587,1.4184785502962316
21.934380054473877,1.3950197823741934
21.94436001777649,1.3779192960279352
21.9543399810791,1.3596997654124656
21.964319944381714,1.3364052838342086
21.974300146102905,1.3041762024336614
21.984280347824097,1.256720875078973
21.99426031112671,1.1971374634586893
22.00424027442932,1.1344514705049062
22.014220237731934,1.076297891704718
22.024200201034546,1.0245837738448909
22.034180164337158,0.9809495755374191
22.04416012763977,0.9487335522258571
22.054140090942383,0.8942641982731195
22.064110040664673,0.7831328718303866
22.074090003967285,0.6309520120084531
22.084069967269897,0.518004298565632
22.09404993057251,0.58435010904496
22.10403037071228,0.6340933342668825
22.114010334014893,0.6180875223214948
22.123990297317505,0.6096993264584986
22.133970260620117,0.6011754559723077
22.14395022392273,0.5979251547890884
22.153930187225342,0.5883299359200028
22.163910150527954,0.5762692177385397
22.173890113830566,0.5660290789722751
22.18387007713318,0.557263161647747
22.19384002685547,0.5478694029679518
22.20381999015808,0.5382220306088915
22.213799953460693,0.5302069728113263
22.223780155181885,0.5255219532874065
22.233760356903076,0.523435615855057
22.24374032020569,0.5212266888600305
22.2537202835083,0.5166378602914213
22.263700246810913,0.5073640753622992
22.273680210113525,0.49844441777693643
22.283660173416138,0.49427945286934905
22.29364013671875,0.4907229634759059
22.303620100021362,0.48737975871189393
22.313600063323975,0.4845394283253903
22.323580026626587,0.47985436060505865
22.333549976348877,0.4728657459401216
22.34353017807007,0.4665334133879687
22.35351014137268,0.461788267992699
22.363490104675293,0.45715179063469397
22.373470306396484,0.4515056616853686
22.383450269699097,0.4427831462588738
22.39343023300171,0.43481180197207164
22.40341019630432,0.4288211120742554
22.413390159606934,0.4221780211512027
22.423370122909546,0.4162791150542831
22.433350086212158,0.4105622799011409
22.44333004951477,0.4048035419485406
22.453310012817383,0.39970426904281997
22.463280200958252,0.39465110785465013
22.473260164260864,0.38976697178767755
22.483240127563477,0.3841836825747327
22.49322009086609,0.37526538853291463
22.50320029258728,0.36549617196916795
22.513180255889893,0.3595060145752635
22.523160219192505,0.3552169302924597
22.533140182495117,0.34923710965897986
22.54312014579773,0.3410239948628253
22.553100109100342,0.3320209944676616
22.563080072402954,0.3239301949283056
22.573060035705566,0.3177697935028844
22.58303999900818,0.31351671654194657
22.593010187149048,0.30930579991957247
22.60299015045166,0.30482085265171627
22.612970113754272,0.3003732204628672
22.622950077056885,0.29553630704908873
22.632930278778076,0.28896464688074047
22.64291024208069,0.2788297431105659
22.6528902053833,0.2684728336897215
22.662870168685913,0.2618307828279777
22.672850131988525,0.2549213947128794
22.682830095291138,0.24472223895072842
22.69281005859375,0.23457323628175986
22.702790021896362,0.22637289293659707
22.712770223617554,0.21871391927839495
22.722740173339844,0.2137897440726991
22.732720136642456,0.21587533586003493
22.74270009994507,0.21772049104603197
22.75268006324768,0.20992763494192757
22.762660026550293,0.19887250557853037
22.772640228271484,0.19074701426766955
22.782620191574097,0.18412787181450127
22.79260015487671,0.17746588349958795
22.80258011817932,0.17123963526628508
22.812560081481934,0.16513774743358833
22.822540044784546,0.15785916235008643
22.832520246505737,0.15124589556958284
22.84250020980835,0.14699579414547176
22.852480173110962,0.14471252950439756
22.862450122833252,0.14358960698464096
22.872430086135864,0.14203095026128607
22.882410049438477,0.13782261790213374
22.89239001274109,0.12804961586753721
22.90237021446228,0.11472755477660111
22.912350177764893,0.1059813132406495
22.922330141067505,0.09821787256496399
22.932310104370117,0.0911745024019158
22.94229006767273,0.08728389117664552
22.95227026939392,0.08052337742504312
22.962250232696533,0.07079183212575588
22.972230195999146,0.06265199903619771
22.982210159301758,0.05631382577805064
22.992180109024048,0.05058033146102082
23.00216007232666,0.04678138781423863
23.012140035629272,0.044333163869236136
23.022119998931885,0.03914095390433578
23.032100200653076,0.030165170057130795
23.04208016395569,0.021075562260952006
23.0520601272583,0.012901771200036776
23.062040090560913,0.0044818618311430105
23.072020292282104,1.1457501614131615e-13
23.082000255584717,0.0
23.09198021888733,0.0
23.10196018218994,0.0
23.111940145492554,8.881784197001252e-16
23.121910095214844,8.881784197001252e-16
23.131890058517456,0.0
23.14187002182007,0.0
23.15184998512268,0.0
23.161829948425293,1.1457501614131615e-13
23.171810150146484,1.1457501614131615e-13
23.181790113449097,1.1457501614131615e-13
23.191770315170288,0.00291607709900953
23.2017502784729,0.006431208051724746
23.211730241775513,0.006825646458226477
23.221710205078125,0.005900617201619878
23.231690168380737,0.004148837853374935
23.24167013168335,0.0025095960288430146
23.251650094985962,0.003902529265425378
23.261620044708252,0.01317560703699295
23.271600008010864,0.01869622511655948
23.281579971313477,0.016154881401012896
23.29155993461609,0.010168324706711144
23.30154013633728,0.006162004872176658
23.31152033805847,0.005147147238366291
23.321500301361084,0.004535961327627436
23.331480264663696,0.004276945718063666
23.34146022796631,0.006044856229220133
23.35144019126892,0.007655508700994887
23.361420154571533,0.007728918786318825
23.371400117874146,0.0069620182631679834
23.381380081176758,0.00536825548670023
23.391350030899048,0.003627167763841826
23.40132999420166,0.002981172033020106
23.411309957504272,0.005552381400447036
23.421289920806885,0.008741831660382867
23.431270360946655,0.00830240345484017
23.441250324249268,0.009534100137662017
23.45123028755188,0.011504037882396453
23.461210250854492,0.011458562298822497
23.471190214157104,0.010536677605544447
23.481170177459717,0.008228095600247126
23.49115014076233,0.006671094309124017
23.50113010406494,0.00626002438474476
23.511110067367554,0.005267006221716914
23.521080017089844,0.002689544266624396
23.531059980392456,0.0014735696460010537
23.54103994369507,0.0008941015800924724
23.55102014541626,0.0
23.56100034713745,2.8435583831733384e-14
23.570980310440063,0.0
23.580960273742676,0.0
23.590940237045288,0.0
23.6009202003479,0.0
23.610900163650513,0.0
23.620880126953125,0.0
23.630860090255737,0.0
23.64084005355835,0.0
23.650820016860962,8.881784197001252e-16
23.660789966583252,1.4238583238573986e-14
23.670770168304443,2.8435583831733384e-14
23.680750131607056,0.0
23.690730094909668,2.8435583831733384e-14
23.70071029663086,2.8435583831733384e-14
23.71069025993347,0.0
23.720670223236084,0.0
23.730650186538696,0.0
23.74063014984131,0.0
23.75061011314392,0.0
23.760590076446533,0.0
23.770570039749146,0.0
23.780550003051758,0.0
23.790520191192627,0.0
23.80050015449524,0.0
23.81048011779785,0.0
23.820460081100464,2.8435583831733384e-14
23.830440282821655,2.8435583831733384e-14
23.840420246124268,0.0
23.85040020942688,0.0
23.860380172729492,0.0
23.870360136032104,0.0
23.880340099334717,0.0
23.89032006263733,0.0
23.90030002593994,2.8435583831733384e-14
23.910280227661133,1.4238583238573986e-14
23.920250177383423,8.881784197001252e-16
23.930230140686035,0.0
23.940210103988647,0.0
23.95019006729126,2.8435583831733384e-14
23.96017026901245,2.8435583831733384e-14
23.970150232315063,0.0
23.980130195617676,0.0
23.990110158920288,0.0
24.0000901222229,0.0
24.010070085525513,0.0
24.020050048828125,2.8435583831733384e-14
24.030030250549316,2.8435583831733384e-14
24.04001021385193,8.881784197001252e-16
24.04998016357422,8.881784197001252e-16
24.05996012687683,0.0
24.069940090179443,0.0
24.079920053482056,0.0
24.089900016784668,2.8435583831733384e-14
24.09988021850586,2.8435583831733384e-14
24.10986018180847,0.0
24.119840145111084,0.0
24.129820108413696,0.0
24.13980007171631,2.8435583831733384e-14
24.1497802734375,2.8435583831733384e-14
24.159760236740112,0.0
24.169740200042725,0.0
24.179720163345337,8.881784197001252e-16
24.189690113067627,1.156679772130055e-13
24.20965003967285,1.1718907585177295e-13
24.219630002975464,2.8435583831733384e-14
24.229610204696655,2.8435583831733384e-14
24.239590167999268,0.0
24.24957013130188,0.0
24.259550094604492,2.8435583831733384e-14
24.269530296325684,2.8435583831733384e-14
24.279510259628296,0.0
24.289490222930908,0.0
24.29947018623352,0.0
24.309450149536133,8.881784197001252e-16
24.319420099258423,8.881784197001252e-16
24.329400062561035,0.0
24.339380025863647,0.0
24.34935998916626,2.8435583831733384e-14
24.35934019088745,2.8435583831733384e-14
24.369320154190063,0.0
24.379300117492676,2.8435583831733384e-14
24.389280319213867,2.8435583831733384e-14
24.39926028251648,0.0
24.409240245819092,0.0
24.419220209121704,0.0
24.429200172424316,0.0
24.43918013572693,8.881784197001252e-16
24.44915008544922,8.881784197001252e-16
24.45913004875183,0.0
24.469110012054443,0.0
24.479089975357056,0.0
24.489069938659668,2.8435583831733384e-14
24.49905014038086,0.0
24.50903034210205,2.8435583831733384e-14
24.519010305404663,0.0
24.528990268707275,0.0
24.538970232009888,0.0
24.5489501953125,0.0
24.558930158615112,0.0
24.568910121917725,0.0
24.578890085220337,8.881784197001252e-16
24.588860034942627,8.881784197001252e-16
24.59883999824524,0.0
24.60881996154785,0.0
24.618799924850464,5.859285502108464e-14
24.628780364990234,5.859285502108464e-14
24.638760328292847,0.0
24.64874029159546,0.0
24.65872025489807,0.003578576057808335
24.668700218200684,0.010130404565333656
24.678680181503296,0.013092390068150472
24.688660144805908,0.008964234671980487
24.69864010810852,0.012596237894517723
24.708620071411133,0.02075928530018358
24.718590021133423,0.02240644140356228
24.728569984436035,0.016045819355087098
24.738549947738647,0.006996399712973457
24.74853014945984,0.0052672226595886955
24.75851035118103,0.008200843808772654
24.768490314483643,0.009202196756547132
24.778470277786255,0.010047553953789074
24.788450241088867,0.010159162266491202
24.79843020439148,0.009237787719101448
24.808410167694092,0.00796832777565029
24.818390130996704,0.00567108553581351
24.828370094299316,0.0027579309134215407
24.83835005760193,0.0006664240908676322
24.84832000732422,0.0
24.85829997062683,5.859958635030681e-14
24.868280172348022,5.859958635030681e-14
24.878260135650635,5.859958635030681e-14
24.888240337371826,5.859958635030681e-14
24.89822030067444,0.0
24.90820026397705,0.0
24.918180227279663,0.0
24.928160190582275,0.0
24.938140153884888,0.0
24.9481201171875,0.0
24.958100080490112,0.0
24.968080043792725,0.0
24.978060007095337,0.0
24.988030195236206,0.0
24.99801015853882,0.012415374466366922
25.00799012184143,0.0371336316806259
25.017970085144043,0.06119608908706296
25.027950286865234,0.0855350416012218
25.037930250167847,0.11108652616512227
25.04791021347046,0.1373528294438104
25.05789017677307,0.16478786907828796
25.067870140075684,0.19309947677666686
25.077850103378296,0.22196883657768288
25.087830066680908,0.25416584181618146
25.09781002998352,0.29087774668953237
25.107789993286133,0.3279288310228174
25.117760181427002,0.34579487688217375
